X,Y,wkt,ID,NOMBRE,ID_LAZO_AMB,LAZO_AMBIENTAL,NOMBRE_ABREVIADO,DIRECCION,DIRECCION_NORMALIZADA,DISTRITO,NIVEL,TEMATICAS,ESTADO,BARRIO,COMUNA,OBSERVACIONES
-58.4440039,-34.56582999,#N/A,48,ARLENE FERN - NIVEL INICIAL,1,Escuela Comprometida ,A 1173,ARRIBEÑOS 1300,ARRIBEÑOS 1300,9,INICIAL,GESTION INTEGRAL DE RESIDUOS - BIODIVERSIDAD - HUERTA,SE POSTULO EN 2017,PALERMO,COMUNA 14,
-58.4080227,-34.62344024,#N/A,227,COLEGIO ARGENTINO ARABE OMAR BIN AL JATTAB - A 1120 - SECUNDARIA,3,Escuela Consolidada,A -1120,HUMBERTO 1° 3046,HUMBERTO 1° 3046,6,SECUNDARIA,GESTION INTEGRAL DE RESIDUOS - BIODIVERSIDAD & ESPACIOS VERDES - GESTION DE RECUSO HIDRICO,POSTULADOS ANTES DE 2017,SAN CRISTOBAL,COMUNA 03,
-58.40551949,-34.59509173,#N/A,78,CCI - SCUOLA EDMONDO DE AMICIS - NIVEL INICIAL,1,Escuela Comprometida ,A 596,DR. NORBERTO QUIRNO COSTA 1260,"QUIRNO COSTA, NORBERTO, DR. 1260",2,INICIAL,GESTION INTEGRAL DE RESIDUOS - AGUA,SE POSTULO EN 2017,RECOLETA,COMUNA 02,
-58.40551949,-34.59509173,#N/A,77,CCI - SCUOLA EDMONDO DE AMICIS - NIVEL PRIMARIO,1,Escuela Comprometida ,A 595,QUIRNO COSTA 1260,"QUIRNO COSTA, NORBERTO, DR. 1260",2,PRIMARIA,GESTION INTEGRAL DE RESIDUOS - HUERTA,SE POSTULO EN 2017,RECOLETA,COMUNA 02,
-58.40595591,-34.64146797,#N/A,170,CBO N° 1 DE 5,3,Escuela Consolidada,CBO 01,LOS PATOS 3080,LOS PATOS 3080,5,SECUNDARIA,GESTION INTEGRAL DE RESIDUOS - HUERTA ESCOLAR-BIODIVERSIDAD & ESPACIOS VERDES - GESTION DE RECURSO HIDRICO - EFICIENCIA ENERGETICA Y ENERGIAS RENOVABLES - PARTICIPACION CIUDADANA,POSTULADOS ANTES DE 2017,PARQUE PATRICIOS,COMUNA 04,
-58.46543265,-34.59339506,#N/A,174,CENS 10 DE 14,2,Escuela Abierta,CENS 10 FCEN,BALBOA 210,ESMERALDA 55,14,SECUNDARIA,GESTION INTEGRAL DE RESIDUOS,POSTULADOS ANTES DE 2017,SAN NICOLAS,COMUNA 01,
-58.48816697,-34.68359085,#N/A,28,CENTRO COMUNITARIO SAN CAYETANO - NIVEL INICIAL,1,Escuela Comprometida ,A 1266,CALLE LOS CEDROS MANZANA 3 CASA 7 Y 8 BARRIO INTA VILLA 19 CABA,,21,INICIAL,GESTION INTEGRAL DE RESIDUOS,SE POSTULO EN 2017,VILLA LUGANO,COMUNA 08,
-58.457081,-34.6325298,#N/A,184,COLEGIO NTRA. SRA. DE LA MISERICORDIA (A 58 FLORES) - NIVEL PRIMARIO - A 58,2,Escuela Abierta,A - 58,AVDA. DIRECTORIO 2138,DIRECTORIO AV. 2138,11,PRIMARIA,GESTION INTEGRAL DE RESIDUOS - GESTION DE RECURSO HIDRICO,RATIFICO EN 2017,FLORES,COMUNA 07,LAZO AMBIENTAL 2015: 1
-58.40808113,-34.62353967,#N/A,18,COLEGIO ARGENTINO ARABE OMAR BIN AL JATTAB - NIVEL INICIAL,2,Escuela Abierta,A 1120,HUMBERTO 1° 3052,HUMBERTO 1° 3052,6,INICIAL,GESTION INTEGRAL DE RESIDUOS -  VIDA SALUDABLE,SE POSTULO EN 2017,SAN CRISTOBAL,COMUNA 03,
-58.40558863,-34.5781931,#N/A,211,COLEGIO BAYARD A - 435,1,Escuela Comprometida ,A - 435,CASTEX 3348,CASTEX 3348,1,PRIMARIA,GESTION INTEGRAL DE RESIDUOS,RATIFICO EN 2017,PALERMO,COMUNA 14,
-58.40544222,-34.57838116,#N/A,49,COLEGIO BAYARD - NIVEL INICIAL,2,Escuela Abierta,A 435 J,CASTEX 3348,CASTEX 3348,1,INICIAL,GESTION INTEGRAL DE RESIDUOS - HUERTA - BIODIVERSIDAD & ESPACIOS VERDES,SE POSTULO EN 2017,PALERMO,COMUNA 14,
-58.39008987,-34.59652762,#N/A,79,COLEGIO MARISTA CHAMPAGNAT - NIVEL PRIMARIO,1,Escuela Comprometida ,A 13,MONTEVIDEO 1050,MONTEVIDEO 1050,1,PRIMARIA,GESTION INTEGRAL DE RESIDUOS,SE POSTULO EN 2017,RECOLETA,COMUNA 02,
-58.45694795,-34.63249194,#N/A,183,COLEGIO NTRA. SRA. DE LA MISERICORDIA (A 58 FLORES) - NIVEL INICIAL - A 58,2,Escuela Abierta,A - 58,AVDA. DIRECTORIO 2138,DIRECTORIO AV. 2138,11,INICIAL,GESTION INTEGRAL DE RESIDUOS - PARTICIPACION CIUDADANA,RATIFICO EN 2017,FLORES,COMUNA 07,LAZO AMBIENTAL 2015: 1
-58.48904439,-34.56542059,#N/A,38,COLEGIO NUEVOS AIRES - NIVEL PRIMARIO,1,Escuela Comprometida ,A 982,GALVAN 3256,GALVAN 3256,15,PRIMARIA,GESTION INTEGRAL DE RESIDUOS,SE POSTULO EN 2017,VILLA URQUIZA,COMUNA 12,
-58.40320036,-34.58008725,#N/A,204,COLEGIO SAN MARTIN DE TOURS  - A 637 - NIVEL INICIAL,3,Escuela Consolidada,A 637,AVDA. ORTIZ DE OCAMPO 2840,ORTIZ DE OCAMPO AV. 2840,1,INICIAL,GESTION INTEGRAL DE RESIDUOS - GESTION DE RECURSO HIDRICO,POSTULADOS ANTES DE 2017,PALERMO,COMUNA 14,
-58.50946935,-34.60644308,#N/A,65,COLEGIO PRESENCIA VILLA DEVOTO - NIVEL SECUNDARIO,1,Escuela Comprometida ,A 920,GUALEGUAYCHU 3152,GUALEGUAYCHU 3152,17,SECUNDARIA,GESTION INTEGRAL DE RESIDUOS - HUERTA,SE POSTULO EN 2017,VILLA DEVOTO,COMUNA 11,
-58.40010873,-34.58621838,#N/A,82,COLEGIO SAN AGUSTIN - NIVEL SECUNDARIO,1,Escuela Comprometida ,A 151,AGUERO 2320,AGUERO 2320,1,SECUNDARIA,GESTION INTEGRAL DE RESIDUOS - REUTILIZACION CREATIVA - HUERTA - AGUA,SE POSTULO EN 2017,RECOLETA,COMUNA 02,
-58.4032396,-34.5800028,#N/A,52,COLEGIO SAN MARTIN DE TOURS - A 637 - NIVEL SECUNDARIO,2,Escuela Abierta,A 637,ORTIZ DE OCAMPO 2840,ORTIZ DE OCAMPO AV. 2840,1,SECUNDARIA,GESTION INTEGRAL DE RESIDUOS - HUERTA,SE POSTULO EN 2017,PALERMO,COMUNA 14,
-58.44917767,-34.56750436,#N/A,185,COLEGIO NTRA. SRA. DE LA MISERICORDIA (A - 57 BELGRANO) - NIVEL PRIMARIO - A 57,2,Escuela Abierta,A - 57 - I NTRA SRA DE LA MISERICORDIA,AVDA. CABILDO 1333,CABILDO AV. 1333,9,PRIMARIA,GESTION INTEGRAL DE RESIDUOS,POSTULADOS ANTES DE 2017,BELGRANO,COMUNA 13,LAZO AMBIENTAL 2015: 1
-58.46275617,-34.56549271,#N/A,209,BELGRANO DAY SCHOOL - A 38,2,Escuela Abierta,A 38,JURAMENTO 3035,JURAMENTO 3035,10,PRIMARIA,GESTION INTEGRAL DE RESIDUOS,POSTULADOS ANTES DE 2017,BELGRANO,COMUNA 13,
-58.50393257,-34.57385122,#N/A,62,DAMASA ZELAYA DE SAAVEDRA - NIVEL PRIMARIO,2,Escuela Abierta,A 128,AV. ALBARELLOS 2367,ALBARELLOS AV. 2367,16,PRIMARIA,GESTION INTEGRAL DE RESIDUOS - AGUA - VIDA SALUDABLE,SE POSTULO EN 2017,VILLA PUEYRREDON,COMUNA 12,
-58.46451792,-34.68519958,#N/A,34,E.B.A. 100 D.E. 21- ESEA  LOLA MORA,1,Escuela Comprometida ,EBART 100,AV. SOLDADO DE LA FRONTERA 5155,SOLDADO DE LA FRONTERA AV. 5155,21,SECUNDARIA,GESTION INTEGRAL DE LOS RESIDUOS,SE POSTULO EN 2017,VILLA LUGANO,COMUNA 08,
-58.45957591,-34.60498573,#N/A,42,EC N° 17 D.E. 7,1,Escuela Comprometida ,EC 17,FGTA. PRES. SARMIENTO 1817,FRAGATA PRES. SARMIENTO 1817,7,SECUNDARIA,GESTION INTEGRAL DE LOS RESIDUOS,SE POSTULO EN 2017,VILLA GRAL. MITRE,COMUNA 11,
-58.39541517,-34.62315876,#N/A,19,EEEFL N° 22 D.E 3,2,Escuela Abierta,EEEFL 22,SAN JUAN 2128,SAN JUAN AV. 2128,3,SECUNDARIA,GESTION INTEGRAL DE LOS RESIDUOS - HUERTAS ESCOLARES,SE POSTULO EN 2017,SAN CRISTOBAL,COMUNA 03,
-58.51307694,-34.6068705,#N/A,68,EEEFL N° 3 D.E. 17,2,Escuela Abierta,EEEFL 3,AV. BEIRO 4418,"BEIRO, FRANCISCO AV. 4418",17,PRIMARIA,GESTION INTEGRAL DE LOS RESIDUOS - HUERTAS ESCOLARES,SE POSTULO EN 2017,VILLA DEVOTO,COMUNA 11,
-58.46178468,-34.56451718,#N/A,75,EEM N° 5 D.E. 10,2,Escuela Abierta,EEM 5,CRAMER 2136,CRAMER AV. 2136,10,SECUNDARIA,GESTION INTEGRAL DE LOS RESIDUOS,SE POSTULO EN 2017,BELGRANO,COMUNA 13,
-58.46804016,-34.61347857,#N/A,154,EII N° 12 D.E. 12,3,Escuela Consolidada,EII 12,GAVILAN 1464,GAVILAN 1464,12,INICIAL,GESTION INTEGRAL DE RESIDUOS - HUERTA ESCOLAR,POSTULADOS ANTES DE 2017,VILLA GRAL. MITRE,COMUNA 11,
-58.49279265,-34.67544236,#N/A,32,EI N° 11 D.E. 20,1,Escuela Comprometida ,EI 11,ZUVIRIA 6620,ZUVIRIA 6620,20,INICIAL,GESTION INTEGRAL DE LOS RESIDUOS,SE POSTULO EN 2017,VILLA LUGANO,COMUNA 08,
-58.44627906,-34.66142669,#N/A,60,EI N° 12 D.E. 19,2,Escuela Abierta,EI 12,PERGAMINO 3045,PERGAMINO 3045,19,INICIAL,GESTION INTEGRAL DE RESIDUOS - HUERTA ESCOLAR,SE POSTULO EN 2017,VILLA SOLDATI,COMUNA 08,
-58.49297141,-34.56015494,#N/A,35,EI N° 6 D.E. 15,1,Escuela Comprometida ,EI 6,GALVAN 3710,GALVAN 3710,15,INICIAL,GESTION INTEGRAL DE LOS RESIDUOS - HUERTAS ESCOLARES,SE POSTULO EN 2017,SAAVEDRA,COMUNA 12,
-58.44039466,-34.65566376,#N/A,61,EI N° 9 D.E. 19,2,Escuela Abierta,EI 9,CHILAVERT 2680,"CHILAVERT, MARTINIANO, CORONEL 2680",19,INICIAL,GESTION INTEGRAL DE RESIDUOS - HUERTAS ESCOLARES,SE POSTULO EN 2017,VILLA SOLDATI,COMUNA 08,
-58.44970664,-34.64303154,#N/A,12,EPC 22 D.E. 11,2,Escuela Abierta,EPC 22,AVELINO DIAZ 2356,"DIAZ, AVELINO 2356",11,PRIMARIA,EFICIENCIA ENERGETICA Y ENERGIAS RENOVABLES - CUIDADO DEL AGUA - GESTION INTEGRAL DE LOS RESIDUOS,SE POSTULO EN 2017,FLORES,COMUNA 07,
-58.47927561,-34.56701627,#N/A,39,EPC 24 D.E.15,1,Escuela Comprometida ,EPC 24,PEDRO RIVERA 4221,"RIVERA, PEDRO I., DR. 4221",15,PRIMARIA,GESTION INTEGRAL DE LOS RESIDUOS - HUERTAS ESCOLARES,SE POSTULO EN 2017,VILLA URQUIZA,COMUNA 12,
-58.36148568,-34.6331124,#N/A,92,EPC N° 01 D.E. 4,2,Escuela Abierta,EPC 1,ARISTOBULO DEL VALLE 471,"VALLE, ARISTOBULO DEL 471",4,PRIMARIA,GESTION INTEGRAL DE LOS RESIDUOS,SE POSTULO EN 2017,BOCA,COMUNA 04,
-58.36745204,-34.63692971,#N/A,91,EPC N° 11 D.E. 4,2,Escuela Abierta,EPC 11,BRANDSEN 1057,BRANDSEN 1057,4,PRIMARIA,GESTION INTEGRAL DE LOS RESIDUOS -  HUERTAS ESCOLARES,SE POSTULO EN 2017,BOCA,COMUNA 04,
-58.45812622,-34.60891736,#N/A,7,EPC N° 11 D.E. 7,1,Escuela Comprometida ,EPC 11,NICASIO OROÑO 1431,"OROÑO, NICASIO 1431",7,PRIMARIA,GESTION INTEGRAL DE LOS RESIDUOS,SE POSTULO EN 2017,CABALLITO,COMUNA 06,
-58.41526216,-34.59690463,#N/A,85,EPC N° 13 D.E. 2,2,Escuela Abierta,EPC 13,JOSE ANTONIO CABRERA 3484,"CABRERA, JOSE A. 3484",2,PRIMARIA,GESTION INTEGRAL DE LOS RESIDUOS - HUERTAS ESCOLARES - CONTAMINACION SONORA,SE POSTULO EN 2017,RECOLETA,COMUNA 02,
-58.481905,-34.63457328,#N/A,25,EPC N° 3 D.E. 11,1,Escuela Comprometida ,EPC 3,MARIANO ACOSTA 45,"ACOSTA, MARIANO AV. 45",11,PRIMARIA,GESTION INTEGRAL DE LOS RESIDUOS,SE POSTULO EN 2017,VELEZ SARSFIELD,COMUNA 10,
-58.36419826,-34.63292321,#N/A,89,EI N° 07 D.E. 04,2,Escuela Abierta,EI 7,BLANES Y PALOS,"BLANES, JUAN MANUEL Y PALOS",4,INICIAL,CUIDADO DEL AGUA - GESTION INTEGRAL DE LOS RESIDUOS - HUERTAS ESCOLARES,SE POSTULO EN 2017,BOCA,COMUNA 04,
-58.40251352,-34.59834345,#N/A,84,EPC N° 23 D.E. 1,1,Escuela Comprometida ,EPC 23,LARREA 854,LARREA 854,1,PRIMARIA,,SE POSTULO EN 2017,RECOLETA,COMUNA 02,
-58.41708797,-34.59179293,#N/A,57,EPC N° 4 D.E. 2,2,Escuela Abierta,EPC 4,SOLER 3929,SOLER 3929,2,PRIMARIA,GESTION INTEGRAL DE LOS RESIDUOS,SE POSTULO EN 2017,PALERMO,COMUNA 14,
-58.44598104,-34.60317662,#N/A,4,E.P.C. N° 6 D.E. 7,1,Escuela Comprometida ,EPC 6,OLAYA 1525,OLAYA 1525,7,PRIMARIA,GESTION INTEGRAL DE LOS RESIDUOS,SE POSTULO EN 2017,VILLA CRESPO,COMUNA 15,
-58.40901383,-34.64418228,#N/A,26,EII N° 05 D.E. 5,2,Escuela Abierta,EII 5,JOSE A. CORTEJARENA 3350,"CORTEJARENA, JOSE A. 3350",5,PRIMARIA,GESTION INTEGRAL DE LOS RESIDUOS - HUERTAS ESCOLARES - CONTAMINACION AMBIENTAL,SE POSTULO EN 2017,PARQUE PATRICIOS,COMUNA 04,
-58.50489606,-34.59368012,#N/A,67,EPC N° 2 D.E. 16,1,Escuela Comprometida ,EPC 2,AV. SAN MARTIN 6387,SAN MARTIN AV. 6387,16,PRIMARIA,GESTION INTEGRAL DE LOS RESIDUOS,SE POSTULO EN 2017,VILLA DEVOTO,COMUNA 11,
-58.45361026,-34.63530572,#N/A,13,EPC N° 24 D.E.11,1,Escuela Comprometida ,EPC 24,LAUTARO 752,LAUTARO 752,11,PRIMARIA,GESTION INTEGRAL DE LOS RESIDUOS,SE POSTULO EN 2017,FLORES,COMUNA 07,
-58.47639705,-34.63742833,#N/A,163,EPC N° 19 DE 11,1,Escuela Comprometida ,EPC 19,JOSE BONIFACIO 3650,"BONIFACIO, JOSE 3650",11,PRIMARIA,GESTION INTEGRAL DE RESIDUOS,RATIFICO EN 2017,FLORESTA,COMUNA 10,
-58.39528794,-34.59929596,#N/A,112,E.N.S N° 1 D.E. 1,4,Escuela Multiplicadora,ENS  1,AVDA. CORDOBA 1951,CORDOBA AV. 1951,1,INICIAL,GESTION INTEGRAL DE RESIDUOS - PARTICIPACION CIUDADANA - VIDA SALUDABLE,POSTULADOS ANTES DE 2017,RECOLETA,COMUNA 02,LAZO AMBIENTAL 2014: 1 - LAZO AMBIENTAL 2015: 2
-58.43020357,-34.6223186,#N/A,104,EPC N° 11 D.E. 8,2,Escuela Abierta,EPC 11,AVDA. JUAN BAUTISTA ALBERDI 163,"ALBERDI, JUAN BAUTISTA AV. 163",8,PRIMARIA,GESTION INTEGRAL DE RESIDUOS,POSTULADOS ANTES DE 2017,CABALLITO,COMUNA 06,LAZO AMBIENTAL 2015: 1
-58.49375584,-34.67979099,#N/A,166,EII 20 DE 20,2,Escuela Abierta,EII 20,GOLETA SANTA CRUZ 6997,GOLETA SANTA CRUZ 6997,20,INICIAL,GESTION INTEGRAL DE RESIDUOS,POSTULADOS ANTES DE 2017,VILLA LUGANO,COMUNA 08,
-58.37684706,-34.59305763,#N/A,86,JII 2 D.E. 1,1,Escuela Comprometida ,JII 2,JUNCAL 690,JUNCAL 690,1,INICIAL,GESTION INTEGRAL DE LOS RESIDUOS,SE POSTULO EN 2017,RETIRO,COMUNA 01,
-58.5252333,-34.62175374,#N/A,202,ESCUELA CRISTIANA EVANGELICA ARGENTINA - A  474 - INICIAL,3,Escuela Consolidada,A - 474,IRIGOYEN 2150,IRIGOYEN 2150,17,INICIAL,GESTION INTEGRAL DE RESIDUOS - CONSUMO RESPONSABLE,POSTULADOS ANTES DE 2017,VILLA REAL,COMUNA 10,
-58.42233523,-34.58154856,#N/A,213,ESCUELA BILINGUE ARMONIA - A 1260 - NIVEL PRIMARIA,2,Escuela Abierta,COL BILINGUE ARMONIA,THAMES 2472,THAMES 2472,9,PRIMARIA,GESTION INTEGRAL DE RESIDUOS,POSTULADOS ANTES DE 2017,PALERMO,COMUNA 14,
-58.5252333,-34.62175374,#N/A,187,ESCUELA CRISTIANA EVANGELICA ARGENTINA - PRIMARIA A  474,3,Escuela Consolidada,A - 474,IRIGOYEN 2150,IRIGOYEN 2150,17,PRIMARIA,GESTION INTEGRAL DE RESIDUOS - HUERTA ESCOLAR-BIODIVERSIDAD & ESPACIOS VERDES - GESTION DE RECURSO HIDRICO - EFICIENCIA ENERGETICA Y ENERGIAS RENOVABLES,POSTULADOS ANTES DE 2017,VILLA REAL,COMUNA 10,LAZO AMBIENTAL 2015: 1
-58.46870029,-34.57307671,#N/A,160,EPC N°18   D.E 10,1,Escuela Comprometida ,EPC 18,LA PAMPA 3855,LA PAMPA 3855,10,PRIMARIA,GESTION INTEGRAL DE RESIDUOS,RATIFICO EN 2017,VILLA URQUIZA,COMUNA 12,
-58.40304079,-34.63930101,#N/A,111,E.T. N° 07 D.E. 05,1,Escuela Comprometida ,ET 7,ZAVALETA 204,ZAVALETA 204,5,SECUNDARIA,GESTION INTEGRAL DE RESIDUOS,RATIFICO EN 2017,PARQUE PATRICIOS,COMUNA 04,LAZO AMBIENTAL 2015: 1
-58.43330634,-34.61302296,#N/A,188,ESCUELA DEL PARQUE - NIVEL PRIMARIO A 1001,3,Escuela Consolidada,A - 1001,BOGOTA 123,BOGOTA 123,7,PRIMARIA,GESTION INTEGRAL DE RESIDUOS - HUERTA ESCOLAR - BIODIVERSIDAD & ESPACIOS VERDES - GESTION DE RECURSO HIDRICO - PARTICIPACION CIUDADANA - VIDA SALUDABLE,POSTULADOS ANTES DE 2017,CABALLITO,COMUNA 06,LAZO AMBIENTAL 2015: 1
-58.47118715,-34.58734605,#N/A,97,E.I. N° 2 D.E. 14,3,Escuela Consolidada,E.I. 2,COMBATIENTES DE MALVINAS 3002,COMBATIENTES DE MALVINAS AV. 3002,14,INICIAL,GESTION INTEGRAL DE RESIDUOS EFICIENCIA ENERGETICA Y ENERGIAS RENOVABLES,POSTULADOS ANTES DE 2017,PARQUE CHAS,COMUNA 15,LAZO AMBIENTAL 2015: 2
-58.36573001,-34.6296298,#N/A,143,EI N°11 D.E. 4,2,Escuela Abierta,EI 11,AVDA. ALMTE. BROWN Y CNEL. DE MARINA TOMAS ESPORA,"BROWN, ALTE. AV. Y ESPORA, TOMAS, CORONEL DE MARINA",4,INICIAL,GESTION INTEGRAL DE RESIDUOS,POSTULADOS ANTES DE 2017,BOCA,COMUNA 04,
-58.40647802,-34.62772932,#N/A,17,ESCUELA INFANTIL TIEMPO DE CRECER - NIVEL INICIAL,1,Escuela Comprometida ,A 1501,LA RIOJA 1462,LA RIOJA 1462,6,INICIAL,GESTION INTEGRAL DE RESIDUOS,SE POSTULO EN 2017,SAN CRISTOBAL,COMUNA 03,
-58.44106821,-34.55057626,#N/A,224,ESCUELA ITALIANA CRISTOFORO COLOMBO - A 397 - NIVEL PRIMARIA,2,Escuela Abierta,A 397,RAMSAY 2251,RAMSAY 2251,10,PRIMARIA,GESTION INTEGRAL DE RESIDUOS,POSTULADOS ANTES DE 2017,BELGRANO,COMUNA 13,
-58.44106821,-34.55057626,#N/A,230,ESCUELA ITALIANA CRISTOFORO COLOMBO - A 397 - NIVEL SECUNDARIA,2,Escuela Abierta,A 397,RAMSAY 2251,RAMSAY 2251,10,SECUNDARIA,GESTION INTEGRAL DE RESIDUOS,POSTULADOS ANTES DE 2017,BELGRANO,COMUNA 13,
-58.44101967,-34.55048485,#N/A,73,ESCUELA ITALIANA CRISTOFORO COLOMBO - NIVEL INICIAL,1,Escuela Comprometida ,A 397,RAMSAY 2251,RAMSAY 2251,10,INICIAL,GESTION INTEGRAL DE RESIDUOS - REUTILIZACION CREATIVA,SE POSTULO EN 2017,BELGRANO,COMUNA 13,
-58.40993336,-34.62108629,#N/A,158,EPC N°15 D.E. 6,2,Escuela Abierta,EPC 15,URIBURU 876,URIBURU 876,6,PRIMARIA,GESTION INTEGRAL DE RESIDUOS,POSTULADOS ANTES DE 2017,SAN CRISTOBAL,COMUNA 03,
-58.42081729,-34.58645234,#N/A,124,EPC  N° 11  D.E. 9,2,Escuela Abierta,EPC 11,MALABIA 2252,MALABIA 2252,9,PRIMARIA,GESTION INTEGRAL DE RESIDUOS - HUERTA ESCOLAR - EFICIENCIA ENERGETICA Y ENERGIAS RENOVABLES - PARTICIPACION CIUDADANA,RATIFICO EN 2017,PALERMO,COMUNA 14,LAZO AMBIENTAL 2015: 1
-58.46740251,-34.68599558,#N/A,129,EPC N°1 D.E. 21,3,Escuela Consolidada,EPC 1,CAFAYATE 5115,CAFAYATE 5115,21,PRIMARIA,GESTION INTEGRAL DE RESIDUOS - HUERTA ESCOLAR - BIODIVERSIDAD & ESPACIOS VERDES - GESTION DE RECURSO HIDRICO - PARTICIPACION CIUDADANA - VIDA SALUDABLE,RATIFICO EN 2017,VILLA LUGANO,COMUNA 08,LAZO AMBIENTAL 2015: 2
-58.48413071,-34.57037918,#N/A,127,EPC N°4  D.E. 15,2,Escuela Abierta,EPC 4,AVDA. ALVAREZ THOMAS 3391,ALVAREZ THOMAS AV. 3391,15,PRIMARIA,GESTION INTEGRAL DE RESIDUOS,POSTULADOS ANTES DE 2017,VILLA URQUIZA,COMUNA 12,LAZO AMBIENTAL 2015: 1
-58.46353843,-34.63380584,#N/A,162,EPC N°8  DE 11,3,Escuela Consolidada,EPC 8,VARELA 358,VARELA 358,11,PRIMARIA,GESTION INTEGRAL DE RESIDUOS - HUERTA ESCOLAR - BIODIVERSIDAD & ESPACIOS VERDES - GESTION DE RECURSO HIDRICO - PARTICIPACION CIUDADANA - VIDA SALUDABLE - CONSUMO RESPONSABLE,POSTULADOS ANTES DE 2017,FLORES,COMUNA 07,
-58.45462343,-34.55063489,#N/A,197,ESCUELA ORT - NIVEL SECUNDARIO - LIBERTADOR - A 845,3,Escuela Consolidada,A-845,MONTAÑESES 2845,DEL LIBERTADOR AV. 6796,10,SECUNDARIA,GESTION INTEGRAL DE RESIDUOS - MOVILIDAD SUSTENTABLE - HUERTA ESCOLAR - BIODIVERSIDAD & ESPACIOS VERDES - GESTION DE RECURSO HIDRICO - EFICIENCIA ENERGETICA Y ENERGIAS RENOVABLES,POSTULADOS ANTES DE 2017,NUÑEZ,COMUNA 13,LAZO AMBIENTAL 2015: 1
-58.4291691,-34.60995833,#N/A,198,ESCUELA ORT - NIVEL SECUNDARIO - YATAY - A 531,3,Escuela Consolidada,A - 531,YATAY 240,YATAY 240,7,SECUNDARIA,GESTION DE RECURSO HIDRICO,POSTULADOS ANTES DE 2017,ALMAGRO,COMUNA 05,LAZO AMBIENTAL 2015: 1
-58.42209575,-34.58735797,#N/A,172, EEM N°7  DE 9,1,Escuela Comprometida ,EEM 7,MALABIA 2148,MALABIA 2146,9,SECUNDARIA,GESTION INTEGRAL DE RESIDUOS,RATIFICO EN 2017,PALERMO,COMUNA 14,
-58.51338031,-34.60644012,#N/A,63,ESCUELA DEL MIRADOR - JARDIN CUENTA CUENTOS - NIVEL INICIAL,1,Escuela Comprometida ,A 889 J,FERNANDEZ DE ENCISO 3565,FERNANDEZ DE ENCISO 3565,17,INICIAL,GESTION INTEGRAL DE RESIDUOS,SE POSTULO EN 2017,VILLA DEVOTO,COMUNA 11,
-58.51329527,-34.60643835,#N/A,64,ESCUELA DEL MIRADOR - NIVEL PRIMARIO,1,Escuela Comprometida ,A 928,FERNANDEZ DE ENCISO 3565,FERNANDEZ DE ENCISO 3565,17,PRIMARIA,GESTION INTEGRAL DE RESIDUOS,SE POSTULO EN 2017,VILLA DEVOTO,COMUNA 11,
-58.51335411,-34.60637523,#N/A,66,ESCUELA DEL MIRADOR - NIVEL SECUNDARIO,2,Escuela Abierta,A 928,FERNANDEZ DE ENCISO 3565,FERNANDEZ DE ENCISO 3565,17,SECUNDARIA,GESTION INTEGRAL DE RESIDUOS - HUERTA - AGUA - EFICIENCIA ENERGETICA Y ENERGIAS RENOVABLES,SE POSTULO EN 2017,VILLA DEVOTO,COMUNA 11,
-58.46143704,-34.62830726,#N/A,164,EPAD N°2  DE 12  ADULTOS SECTOR IV,2,Escuela Abierta,EPAD 2,CARACAS 10,CARACAS 10,12,PRIMARIA,GESTION INTEGRAL DE RESIDUOS - HUERTA ESCOLAR - BIODIVERSIDAD & ESPACIOS VERDES - EFICIENCIA ENERGETICA Y ENERGIAS RENOVABLES - PARTICIPACION CIUDADANA - VIDA SALUDABLE - CONSUMO RESPONSABLE,POSTULADOS ANTES DE 2017,FLORES,COMUNA 07,
-58.36389251,-34.6328804,#N/A,176,EEM  N°3 D.E. 4,3,Escuela Consolidada,EEM 3,PALOS Y JUAN MANUEL BLANES,"BLANES, JUAN MANUEL Y PALOS",4,SECUNDARIA,EFICIENCIA ENERGETICA Y ENERGIAS RENOVABLES - CAMBIO CLIMATICO & MEDICION DE LA HUELLA DE CARBONO - GESTION INTEGRAL DE RESIDUOS,POSTULADOS ANTES DE 2017,BOCA,COMUNA 04,
-58.44896515,-34.66232636,#N/A,175,EEM  N°2 D.E 19,3,Escuela Consolidada,EEM 2,MARTINEZ CASTRO 3067,MARTINEZ CASTRO 3067,19,SECUNDARIA,BIODIVERSIDAD & ESPACIOS VERDES - GESTION DE RECURSO HIDRICO - PARTICIPACION CIUDADANA - GESTION INTEGRAL DE RESIDUOS,POSTULADOS ANTES DE 2017,VILLA SOLDATI,COMUNA 08,
-58.37919536,-34.64347943,#N/A,168,ET N°10 D.E. 5,3,Escuela Consolidada,ET 10,VIEYTES 942,VIEYTES 942,5,SECUNDARIA,GESTION INTEGRAL DE RESIDUOS - HUERTA ESCOLAR-BIODIVERSIDAD & ESPACIOS VERDES - GESTION DE RECURSO HIDRICO - EFICIENCIA ENERGETICA Y ENERGIAS RENOVABLES - CAMBIO CLIMATICO & MEDICION DE LA HUELLA DE CARBONO - PARTICIPACION CIUDADANA - VIDA SALUDA,POSTULADOS ANTES DE 2017,BARRACAS,COMUNA 04,
-58.45737769,-34.55805935,#N/A,134,E.T. N° 28  D.E. 10,4,Escuela Multiplicadora,ET 28,CUBA 2410,CUBA 2410,10,SECUNDARIA,HUERTA ESCOLAR - GESTION INTEGRAL DE RESIDUOS - BIODIVERSIDAD & ESPACIOS VERDES - CAMBIO CLIMATICO & MEDICION DE LA HUELLA DE CARBONO - ATENCION A LA DIVERSIDAD,POSTULADOS ANTES DE 2017,BELGRANO,COMUNA 13,LAZO AMBIENTAL 2014: 2 - LAZO AMBIENTAL 2015: 3
-58.49314362,-34.5616826,#N/A,137,E.T. N° 36  D.E. 15,4,Escuela Multiplicadora,ET 36,GALVAN 3710,GALVAN 3700,15,SECUNDARIA,GESTION INTEGRAL DE RESIDUOS - HUERTA ESCOLAR - EFICIENCIA ENERGETICA Y ENERGIAS RENOVABLES - PARTICIPACION CIUDADANA,POSTULADOS ANTES DE 2017,SAAVEDRA,COMUNA 12,LAZO AMBIENTAL 2014: 1 - LAZO AMBIENTAL 2015: 3
-58.48340407,-34.64030068,#N/A,169,ET 8 DE 13,3,Escuela Consolidada,ET 08,PIO COLLIVADINO 436,"COLLIVADINO, PIO 436",13,SECUNDARIA,HUERTA ESCOLAR - EFICIENCIA ENERGETICA Y ENERGIAS RENOVABLES - PARTICIPACION CIUDADANA - VIDA SALUDABLE - GESTION INTEGRAL DE RESIDUOS,POSTULADOS ANTES DE 2017,PARQUE AVELLANEDA,COMUNA 09,
-58.4291691,-34.60995833,#N/A,220,ESCUELA TECNICA ORT A  531 - PRIMARIA,2,Escuela Abierta,531,RIO DE JANEIRO 471,YATAY 240,7,PRIMARIA,GESTION INTEGRAL DE RESIDUOS,POSTULADOS ANTES DE 2017,ALMAGRO,COMUNA 05,
-58.37725207,-34.59192054,#N/A,130,E.T. N°  12 D.E. 01,3,Escuela Consolidada,ET 12,AVDA. DEL LIBERTADOR 238,DEL LIBERTADOR AV. 238,1,SECUNDARIA,HUERTA ESCOLAR - GESTION INTEGRAL DE RESIDUOS - BIODIVERSIDAD & ESPACIOS VERDES - EFICIENCIA ENERGETICA Y ENERGIAS RENOVABLES,POSTULADOS ANTES DE 2017,RETIRO,COMUNA 01,LAZO AMBIENTAL 2015: 1
-58.46748386,-34.67932759,#N/A,33,ET. N° 13 D.E. 21,2,Escuela Abierta,ET 13,CNEL. MARTINIANO CHILAVERT 5460,"CHILAVERT, MARTINIANO, CORONEL 5460",21,SECUNDARIA,CUIDADO DEL AGUA - GESTION INTEGRAL DE LOS RESIDUOS - HUERTA ESCOLAR,SE POSTULO EN 2017,VILLA LUGANO,COMUNA 08,
-58.48177941,-34.64009234,#N/A,47,ET N° 17 D.E. 13,2,Escuela Abierta,ET 17,LACARRA 535,LACARRA 535,13,SECUNDARIA,GESTION INTEGRAL DE LOS RESIDUOS,SE POSTULO EN 2017,PARQUE AVELLANEDA,COMUNA 09,
-58.40340422,-34.61850762,#N/A,41,ET N° 25 D.E. 6,1,Escuela Comprometida ,ET 25,AV. JUJUY 780,JUJUY AV. 780,6,SECUNDARIA,EFICIENCIA ENERGETICA Y ENERGIAS RENOVABLES - GESTION INTEGRAL DE LOS RESIDUOS - MOVILIDAD SUSTENTABLE,SE POSTULO EN 2017,BALVANERA,COMUNA 03,
-58.517809,-34.62139287,#N/A,8,ET N° 27 D.E. 18,1,Escuela Comprometida ,ET 27,VIRGILIO 1980,VIRGILIO 1980,18,SECUNDARIA,GESTION INTEGRAL DE LOS RESIDUOS,SE POSTULO EN 2017,MONTE CASTRO,COMUNA 10,
-58.41624644,-34.62179175,#N/A,133,E.T. N°  29  D.E. 06,4,Escuela Multiplicadora,ET 29,AVDA. BOEDO 760,BOEDO AV. 760,6,SECUNDARIA,GESTION INTEGRAL DE RESIDUOS EFICIENCIA ENERGETICA Y ENERGIAS RENOVABLES,POSTULADOS ANTES DE 2017,BOEDO,COMUNA 05,LAZO AMBIENTAL 2015: 2
-58.46628842,-34.53619041,#N/A,135,E.T. N° 2 D.E. 10,3,Escuela Consolidada,ET 2,AVDA. DEL LIBERTADOR 8635,DEL LIBERTADOR AV. 8635,10,SECUNDARIA,GESTION INTEGRAL DE RESIDUOS - HUERTA ESCOLAR - EFICIENCIA ENERGETICA Y ENERGIAS RENOVABLES - PARTICIPACION CIUDADANA,POSTULADOS ANTES DE 2017,NUÑEZ,COMUNA 13,LAZO AMBIENTAL 2015: 1
-58.35987367,-34.6388591,#N/A,131,E.T. N°   31   D.E. 04,4,Escuela Multiplicadora,ET 31,AVDA. DON PEDRO DE MENDOZA 1777,DON PEDRO DE MENDOZA AV. 1777,4,SECUNDARIA,GESTION INTEGRAL DE RESIDUOS,POSTULADOS ANTES DE 2017,BOCA,COMUNA 04,LAZO AMBIENTAL 2015: 2
-58.45473863,-34.58370254,#N/A,1,ET N° 32 D.E. 14,1,Escuela Comprometida ,ET 32,TEODORO GARCIA 3899,"GARCIA, TEODORO 3899",14,SECUNDARIA,GESTION INTEGRAL DE LOS RESIDUOS - HUERTAS ESCOLARES,SE POSTULO EN 2017,CHACARITA,COMUNA 15,
-58.47347608,-34.63510862,#N/A,16,E.T.  N° 37 D.E. 11,1,Escuela Comprometida ,ET 37,PERGAMINO 211,PERGAMINO 211,11,SECUNDARIA,GESTION INTEGRAL DE LOS RESIDUOS,SE POSTULO EN 2017,FLORESTA,COMUNA 10,
-58.37313712,-34.61191209,#N/A,70,ET N° 5 D.E. 04,1,Escuela Comprometida ,ET 5,BOLIVAR 346,BOLIVAR 346,4,SECUNDARIA,GESTION INTEGRAL DE LOS RESIDUOS,SE POSTULO EN 2017,MONSERRAT,COMUNA 01,
-58.4548468,-34.62883007,#N/A,136,E.T. N°  05 D.E. 11,4,Escuela Multiplicadora,ET 5,AVDA. JUAN BAUTISTA ALBERDI 1845,"ALBERDI, JUAN BAUTISTA AV. 1845",11,SECUNDARIA,GESTION INTEGRAL DE RESIDUOS - HUERTA ESCOLAR,POSTULADOS ANTES DE 2017,FLORES,COMUNA 07,LAZO AMBIENTAL 2015: 2
-58.42740284,-34.60364683,#N/A,186,"INSTITUTO ACUARELA - NIVELES INICIAL, PRIMARIO Y POSPRIMARIO. A 1090",3,Escuela Consolidada,A - 1090,PRINGLES 738,PRINGLES 738,2,PRIMARIA,GESTION INTEGRAL DE RESIDUOS -  HUERTA ESCOLAR,POSTULADOS ANTES DE 2017,ALMAGRO,COMUNA 05,LAZO AMBIENTAL 2015: 1
-58.43430011,-34.58128984,#N/A,53,FRANCESCO FAA DI BRUNO - NIVEL SECUNDARIO,2,Escuela Abierta,A 260,NICARAGUA 5668,NICARAGUA 5668,9,SECUNDARIA,GESTION INTEGRAL DE RESIDUOS - MOVILIDAD SUSTENTABLE - EFICIENCIA ENERGETICA Y ENERGIAS RENOVABLES,SE POSTULO EN 2017,PALERMO,COMUNA 14,
-58.46707372,-34.67667249,#N/A,167,EPC  N°  19 DE 21,3,Escuela Consolidada,EPC 19,POLA Y JOSE BARROS PAZOS 5250,"POLA Y BARROS PAZOS, JOSE",21,PRIMARIA,GESTION INTEGRAL DE RESIDUOS - HUERTA ESCOLAR,POSTULADOS ANTES DE 2017,VILLA LUGANO,COMUNA 08,
-58.470652,-34.55203597,#N/A,219,INSTITUCION LA ALDEA A  848 - PRIMARIA,2,Escuela Abierta,A-848,NUÑZ 2776,NUÑEZ 2776,10,PRIMARIA,GESTION INTEGRAL DE RESIDUOS,POSTULADOS ANTES DE 2017,NUÑEZ,COMUNA 13,
-58.48191866,-34.62949995,#N/A,14,INSTITUTO ADELIA MARIA HARILAOS DE OLMOS - NIVEL SECUNDARIO,1,Escuela Comprometida ,A 516,BAHIA BLANCA 363,BAHIA BLANCA 363,12,SECUNDARIA,GESTION INTEGRAL DE RESIDUOS,SE POSTULO EN 2017,FLORESTA,COMUNA 10,
-58.46387638,-34.63181369,#N/A,203,INSTITUTO ANA MARIA JANER -  INICIAL - A1,2,Escuela Abierta,A1,AVDA. JUAN BAUTISTA ALBERDI 2555,VARELA 182,11,INICIAL,GESTION INTEGRAL DE RESIDUOS,POSTULADOS ANTES DE 2017,FLORES,COMUNA 07,
-58.45028526,-34.62437023,#N/A,6,INSTITUTO ARGENTINO EXCELSIOR- NIVEL SECUNDARIO,1,Escuela Comprometida ,A 4,AV. RIVADAVIA 6028,RIVADAVIA AV. 6028,8,SECUNDARIA,GESTION INTEGRAL DE RESIDUOS,SE POSTULO EN 2017,CABALLITO,COMUNA 06,
-58.46387638,-34.63181369,#N/A,235,INSTITUTO ANA MARIA JANER - SECUNDARIA - A1,2,Escuela Abierta,A1,AVDA. JUAN BAUTISTA ALBERDI 2555,"ALBERDI, JUAN BAUTISTA AV. 2555",11,SECUNDARIA,GESTION INTEGRAL DE RESIDUOS,POSTULADOS ANTES DE 2017,FLORES,COMUNA 07,
-58.46387638,-34.63181369,#N/A,214,INSTITUTO ANA MARIA JANER - PRIMARIA -A1,2,Escuela Abierta,A1,AVDA. JUAN BAUTISTA ALBERDI 2555,"ALBERDI, JUAN BAUTISTA AV. 2595",11,PRIMARIA,GESTION INTEGRAL DE RESIDUOS,POSTULADOS ANTES DE 2017,FLORES,COMUNA 07,
-58.47036082,-34.58757166,#N/A,46,INSTITUTO CAROLINA ESTRADA DE MARTINEZ - NIVEL PRIMARIO,2,Escuela Abierta,A 243,AV DEL CAMPO 1653,DEL CAMPO AV. 1653,14,PRIMARIA,GESTION INTEGRAL DE RESIDUOS,SE POSTULO EN 2017,VILLA ORTUZAR,COMUNA 15,
-58.43820097,-34.66296241,#N/A,58,INSTITUTO CRISTO OBRERO - NIVEL SECUNDARIO,2,Escuela Abierta,A 353,LAFUENTE 3242,LAFUENTE 3242,19,SECUNDARIA,GESTION INTEGRAL DE RESIDUOS - REUTILIZACION CREATIVA (ECO LADRILLOS),SE POSTULO EN 2017,VILLA SOLDATI,COMUNA 08,
-58.47306141,-34.57876831,#N/A,45,INSTITUTO EDUCACIONAL DUAYEN - NIVEL INICIAL,2,Escuela Abierta,A 990,BALIVIAN 2162,BALLIVIAN 2162,15,INICIAL,GESTION INTEGRAL DE RESIDUOS - REUTILIZACION CREATIVA - HUERTA,SE POSTULO EN 2017,VILLA ORTUZAR,COMUNA 15,
-58.47626287,-34.58982773,#N/A,206,INSTITUTO EDUCACIONAL SANTA TERESITA A 622,2,Escuela Abierta,A 622,QUIROS 2941,QUIROS 2941,14,INICIAL,GESTION INTEGRAL DE RESIDUOS,POSTULADOS ANTES DE 2017,PARQUE CHAS,COMUNA 15,
-58.48908207,-34.63209735,#N/A,24,INSTITUTO ESPIRITU SANTO - NIVEL SECUNDARIO,1,Escuela Comprometida ,A 16,AVELLANEDA 4455,AVELLANEDA 4455,18,SECUNDARIA,GESTION INTEGRAL DE RESIDUOS,SE POSTULO EN 2017,VELEZ SARSFIELD,COMUNA 10,
-58.48892063,-34.63199282,#N/A,23,INSTITUTO ESPIRITU SANTO - NIVEL PRIMARIO,1,Escuela Comprometida ,A 16,AVELLANEDA 4455,AVELLANEDA 4455,18,PRIMARIA,GESTION INTEGRAL DE RESIUDOS - HUERTA,SE POSTULO EN 2017,VELEZ SARSFIELD,COMUNA 10,
-58.48916934,-34.63217485,#N/A,22,INSTITUTO ESPIRITU SANTO - NIVEL INICIAL,1,Escuela Comprometida ,A 16,AVELLANEDA 4455,AVELLANEDA 4455,18,INICIAL,GESTION INTEGRAL DE RESIDUOS,SE POSTULO EN 2017,VELEZ SARSFIELD,COMUNA 10,
-58.47626287,-34.58982773,#N/A,216,INSTITUTO EDUCACIONAL SANTA TERESITA  A 622 DE 14 - NIVEL INICIAL,2,Escuela Abierta,A 622,QUIROS 2941,QUIROS 2941,14,PRIMARIA,"GESTION INTEGRAL DE RESIDUOS AGUA, PARTICIPACION CIUDADANA",POSTULADOS ANTES DE 2017,PARQUE CHAS,COMUNA 15,
-58.47044148,-34.58750855,#N/A,44,INSTITUTO CAROLINA ESTRADA DE MARTINEZ - NIVEL INICIAL,1,Escuela Comprometida ,A 243,AV DEL CAMPO 1653,DEL CAMPO AV. 1653,14,INICIAL,GESTION INTEGRAL DE RESIDUOS,SE POSTULO EN 2017,VILLA ORTUZAR,COMUNA 15,
-58.43361889,-34.59276607,#N/A,3,INSTITUTO GENESIS - POSTPRIMARIA,2,Escuela Abierta,A 856,LERMA 660,LERMA 660,9,POST PRIMARIA,GESTION INTEGRAL DE RESIDUOS - HUERTA,SE POSTULO EN 2017,VILLA CRESPO,COMUNA 15,
-58.44453698,-34.56229261,#N/A,217,INSTITUTO IADAL - INSTITUTO ARGENTINO DE LA AUDICION Y EL LENGUAJE A 511 - ED. ESPECIAL,3,Escuela Consolidada,A511,AVDA. LUIS M. CAMPOS 1582,"CAMPOS, LUIS M. AV. 1582",9,PRIMARIA,HUERTA ESCOLAR - GESTION INTEGRAL DE RESIDUOS,POSTULADOS ANTES DE 2017,BELGRANO,COMUNA 13,
-58.45481641,-34.6261083,#N/A,11,INSTITUTO INMACULADA CONCEPCION DE NUESTRA SEÑORA DE LOURDES - NIVEL SECUNDARIO,2,Escuela Abierta,A 268,RIVADAVIA 6270,RIVADAVIA AV. 6270,11,SECUNDARIA,GESTION INTEGRAL DE RESIDUOS - AGUA - EFICIENCIA ENERGETICA Y ENERGIAS RENOVABLES - PARTICIPACION CIUDADANA,SE POSTULO EN 2017,FLORES,COMUNA 07,
-58.48191866,-34.62949995,#N/A,15,INSTITUTO LA CANDELARIA - NIVEL SECUNDARIO,2,Escuela Abierta,A 481,BAHIA BLANCA 363,BAHIA BLANCA 363,12,SECUNDARIA,GESTION INTEGRAL DE RESIDUOS - HUERTA - ENERGIAS RENOVABLES,SE POSTULO EN 2017,FLORESTA,COMUNA 10,
-58.49274749,-34.58821601,#N/A,43,INSTITUTO NTRA. SRA. DE LA UNIDAD - NIVEL SECUNDARIO,2,Escuela Abierta,A 297,NUEVA YORK 2467,NUEVA YORK 2467,16,SECUNDARIA,GESTION INTEGRAL DE RESIDUOS - HUERTA - EFICIENCIA ENERGETICA Y ENERGIAS RENOVABLES - PARTICIPACION CIUDADANA - VIDA SALUDABLE,SE POSTULO EN 2017,AGRONOMIA,COMUNA 15,
-58.47311368,-34.56236415,#N/A,36,INSTITUTO NUESTRA SEÑORA DEL CARMEN - NIVEL SECUNDARIO,1,Escuela Comprometida ,A 304,ROQUE PEREZ 2786,"PEREZ, ROQUE 2786",10,SECUNDARIA,GESTION INTEGRAL DE RESIDUOS,SE POSTULO EN 2017,COGHLAN,COMUNA 12,
-58.41293599,-34.59428096,#N/A,76,INSTITUTO NUEVO GUIDO SPANO - NIVEL INICIAL,1,Escuela Comprometida ,A 1505,BILLINGHURST 1353,BILLINGHURST 1353,2,INICIAL,GESTION INTEGRAL DE REISUDUOS - HUERTA,SE POSTULO EN 2017,RECOLETA,COMUNA 02,
-58.41330497,-34.59408884,#N/A,80,INSTITUTO NUEVO GUIDO SPANO - NIVEL PRIMARIO,1,Escuela Comprometida ,A 1505,BILLINGHURST 1354,BILLINGHURST 1354,2,PRIMARIA,GESTION INTEGRAL DE RESIDUOS - HUERTA,SE POSTULO EN 2017,RECOLETA,COMUNA 02,
-58.41292214,-34.59426277,#N/A,81,INSTITUTO NUEVO GUIDO SPANO - NIVEL SECUNDARIO,1,Escuela Comprometida ,A 1505,BILLINGHURST 1355,BILLINGHURST 1355,2,SECUNDARIA,GESTION INTEGRAL DE RESIDUOS - HUERTA Y COMPOST,SE POSTULO EN 2017,RECOLETA,COMUNA 02,
-58.46039027,-34.56782173,#N/A,215,INSTITUTO PATROCINIO DE SAN JOSE A 132,1,Escuela Comprometida ,A- 132,CONESA 1846,CONESA 1846,10,PRIMARIA,GESTION INTEGRAL DE RESIDUOS,RATIFICO EN 2017,BELGRANO,COMUNA 13,
-58.42761035,-34.61514241,#N/A,181,INSTITUTO SAGRADO CORAZON - NIVEL INICIAL - A 111,2,Escuela Abierta,A - 111,HIPOLITO YRIGOYEN 4350,"YRIGOYEN, HIPOLITO AV. 4350",8,INICIAL,GESTION INTEGRAL DE RESIDUOS - MOVILIDAD SUSTENTABLE-HUERTA ESCOLAR - BIODIVERSIDAD & ESPACIOS VERDES - GESTION DE RECURSO HIDRICO - PARTICIPACION CIUDADANA -VIDA SALUDABLE,RATIFICO EN 2017,ALMAGRO,COMUNA 05,LAZO AMBIENTAL 2015: 1
-58.42790909,-34.61517315,#N/A,178,INSTITUTO SAGRADO CORAZON,1,Escuela Comprometida ,A - 111,HIPOLITO YRIGOYEN 4350,"YRIGOYEN, HIPOLITO AV. 4350",8,PRIMARIA,GESTION INTEGRAL DE RESIDUOS,RATIFICO EN 2017,ALMAGRO,COMUNA 05,LAZO AMBIENTAL 2015: 1
-58.42790909,-34.61517315,#N/A,194,INSTITUTO SAGRADO CORAZON - NIVEL SECUNDARIO - A 111,2,Escuela Abierta,A - 111,HIPOLITO YRIGOYEN 4350,"YRIGOYEN, HIPOLITO AV. 4350",8,SECUNDARIA,GESTION INTEGRAL DE RESIDUOS,POSTULADOS ANTES DE 2017,ALMAGRO,COMUNA 05,LAZO AMBIENTAL 2015: 1
-58.44304473,-34.62640745,#N/A,5,INSTITUTO SAINT EXUPERY - NIVEL INICIAL,1,Escuela Comprometida ,A 939,EMILIO MITRE 378,"MITRE, EMILIO 378",8,INICIAL,GESTION INTEGRAL DE RESIDUOS,SE POSTULO EN 2017,CABALLITO,COMUNA 06,
-58.44257485,-34.62788735,#N/A,193,INSTITUTO SAINT EXUPERY - NIVEL PRIMARIO A 939,3,Escuela Consolidada,A - 939,JOSE BONIFACIO 1075,"BONIFACIO, JOSE 1075",8,PRIMARIA,GESTION INTEGRAL DE RESIDUOS - HUERTA ESCOLAR - BIODIVERSIDAD & ESPACIOS VERDES - CAMBIO CLIMATICO & MEDICION DE LA HUELLA DE CARBONO - PARTICIPACION CIUDADANA - VIDA SALUDABLE,POSTULADOS ANTES DE 2017,CABALLITO,COMUNA 06,LAZO AMBIENTAL 2015: 1
-58.44257485,-34.62788735,#N/A,195,INSTITUTO SAINT EXUPERY - NIVEL SECUNDARIO - A 939,1,Escuela Comprometida ,A - 939,JOSE BONIFACIO 1075,"BONIFACIO, JOSE 1075",8,SECUNDARIA,GESTION INTEGRAL DE RESIDUOS,RATIFICO EN 2017,CABALLITO,COMUNA 06,LAZO AMBIENTAL 2015: 1
-58.44938329,-34.54642187,#N/A,232,INSTITUTO RIVER PLATE- NIVEL SECUNDARIO,2,Escuela Abierta,A807,AVDA. PTE. FIGUEROA ALCORTA 7597,"FIGUEROA ALCORTA, PRES. AV. 7597",10,SECUNDARIA,GESTION INTEGRAL DE RESIDUOS,POSTULADOS ANTES DE 2017,BELGRANO,COMUNA 13,
-58.45481204,-34.62623811,#N/A,9,INSTITUTO INMACULADA CONCEPCION DE NUESTRA SEÑORA DE LOURDES - NIVEL INICIAL,2,Escuela Abierta,A 268,RIVADAVIA 6270,RIVADAVIA AV. 6270,11,INICIAL,GESTION INTEGRAL DE RESIDUOS,SE POSTULO EN 2017,FLORES,COMUNA 07,
-58.45494727,-34.6261642,#N/A,10,INSTITUTO INMACULADA CONCEPCION DE NUESTRA SEÑORA DE LOURDES - NIVEL PRIMARIO,2,Escuela Abierta,A 268,RIVADAVIA 6270,RIVADAVIA AV. 6270,11,PRIMARIA,GESTION INTEGRAL DE RESIDUOS - AGUA (CUENCA MATANZA RIACHUELO),SE POSTULO EN 2017,FLORES,COMUNA 07,
-58.41547377,-34.6368319,#N/A,21,INSTITUTO SAN BARTOLOME - NIVEL PRIMARIO,2,Escuela Abierta,A 421,AV CHICLANA 3659,CHICLANA AV. 3659,6,PRIMARIA,GESTION INTEGRAL DE RESIDUOS - REUTILIZACION CREATIVA (JUGUETES),SE POSTULO EN 2017,BOEDO,COMUNA 05,
-58.45692962,-34.56691347,#N/A,74,INSTITUTO SAN CAYETANO - NIVEL PRIMARIO,2,Escuela Abierta,A 830,MOLDES 1764,MOLDES 1764,10,PRIMARIA,GESTION INTEGRAL DE RESIDUOS,SE POSTULO EN 2017,BELGRANO,COMUNA 13,
-58.51811203,-34.657521,#N/A,27,INSTITUTO SAN COSME Y SAN DAMIAN - NIVEL INICIAL,1,Escuela Comprometida ,A 450J,MOLINA 1740,MOLINA 1740,20,INICIAL,GESTION INTEGRAL DE RESIDUOS - REUTILIZACION CREATIVA,SE POSTULO EN 2017,MATADEROS,COMUNA 09,
-58.40338853,-34.577905,#N/A,51,INSTITUTO SAN MARTIN DE TOURS -  NIVEL PRIMARIO,2,Escuela Abierta,A 477,FIGUEROA ALCORTA 3380,"FIGUEROA ALCORTA, PRES. AV. 3380",1,PRIMARIA,REUTILIZACION DE MATERIALES DE DESCARTE,SE POSTULO EN 2017,PALERMO,COMUNA 14,
-58.47934648,-34.56526949,#N/A,37,INSTITUTO SAN PATRICIO - NIVEL PRIMARIO,2,Escuela Abierta,A 561,PLAZA 2838,PLAZA 2838,15,PRIMARIA,GESTION INTEGRAL DE RESIDUOS - REUTILIZACION CREATIVA,SE POSTULO EN 2017,VILLA URQUIZA,COMUNA 12,
-58.44042469,-34.57112031,#N/A,218,INSTITUTO SANTA MARIA DE LUJAN - A 495,1,Escuela Comprometida ,A-495,3 DE FEBRERO 760,3 DE FEBRERO 760,9,PRIMARIA,GESTION INTEGRAL DE RESIDUOS,RATIFICO EN 2017,PALERMO,COMUNA 14,
-58.4405293,-34.5711654,#N/A,229,INSTITUTO SANTA MARIA DE LUJAN - A 495,1,Escuela Comprometida ,A-495,3 DE FEBRERO 760,3 DE FEBRERO 760,9,SECUNDARIA,GESTION INTEGRAL DE RESIDUOS,RATIFICO EN 2017,PALERMO,COMUNA 14,
-58.44606805,-34.5565894,#N/A,199,INSTITUTO SAN ROMAN - NIVEL SECUNDARIO - A 253,3,Escuela Consolidada,A-253,MIGUELETES 2039,MIGUELETES 2040,10,SECUNDARIA,GESTION INTEGRAL DE RESIDUOS - EFICIENCIA ENERGETICA Y ENERGIAS RENOVABLES - PARTICIPACION CIUDADANA - APRENDIZAJE EN SERVICIO,POSTULADOS ANTES DE 2017,BELGRANO,COMUNA 13,LAZO AMBIENTAL 2015: 1
-58.44063607,-34.57126999,#N/A,201,INSTITUTO SANTA MARIA DE LUJAN - A 495,2,Escuela Abierta,A-495,3 DE FEBRERO 760,3 DE FEBRERO 760,9,INICIAL,GESTION INTEGRAL DE RESIDUOS - HUERTA ESCOLAR - VIDA SALUDABLE,RATIFICO EN 2017,PALERMO,COMUNA 14,
-58.44622063,-34.55641454,#N/A,191,INSTITUTO SAN ROMAN - NIVEL PRIMARIO -  A 253,3,Escuela Consolidada,A-253,MIGUELETES 2039,MIGUELETES 2039,10,PRIMARIA,GESTION INTEGRAL DE RESIDUOS - MOVILIDAD SUSTENTABLE-GESTION DE RECURSO HIDRICO - EFICIENCIA ENERGETICA Y ENERGIAS RENOVABLES - PARTICIPACION CIUDADANA - VIDA SALUDABLE,POSTULADOS ANTES DE 2017,BELGRANO,COMUNA 13,LAZO AMBIENTAL 2015: 2
-58.4458588,-34.55683457,#N/A,182,INSTITUTO SAN ROMAN - NIVEL INICIAL - A  253,3,Escuela Consolidada,A-253,MIGUELETES 2039,MIGUELETES 2039,10,INICIAL,GESTION INTEGRAL DE RESIDUOS - HUERTA ESCOLAR-BIODIVERSIDAD & ESPACIOS VERDES - GESTION DE RECURSO HIDRICO - VIDA SALUDABLE,POSTULADOS ANTES DE 2017,BELGRANO,COMUNA 13,LAZO AMBIENTAL 2015: 2
-58.40261802,-34.60121203,#N/A,40,INSTITUTO SUPERIOR FACULTAR,1,Escuela Comprometida ,A 1493,VIAMONTE 2518,VIAMONTE 2518,2,SUPERIOR,GESTION INTEGRAL DE RESIDUOS,SE POSTULO EN 2017,BALVANERA,COMUNA 03,
-58.41518432,-34.60930619,#N/A,208,INSTITUTO TIERRA SANTA - A 407 - INICIAL,3,Escuela Consolidada,A - 407,BARTOLOME MITRE 3443,SANCHEZ DE BUSTAMANTE 124,2,INICIAL,GESTION INTEGRAL DE RESIDUOS,POSTULADOS ANTES DE 2017,ALMAGRO,COMUNA 05,
-58.41518432,-34.60930619,#N/A,231,INSTITUTO TIERRA SANTA - A 407 - SECUNDARIA,2,Escuela Abierta,A 407,BARTOLOME MITRE 3443,SANCHEZ DE BUSTAMANTE 124,2,SECUNDARIA,GESTION INTEGRAL DE RESIDUOS,POSTULADOS ANTES DE 2017,ALMAGRO,COMUNA 05,
-58.48994343,-34.59128184,#N/A,221,INST. PARROQUIAL NTRA. SRA. DE LA UNIDAD - A 297 - PRIMARIA,2,Escuela Abierta,A 297,NAVARRO 2462,NAVARRO 2462,16,PRIMARIA,GESTION INTEGRAL DE RESIDUOS,POSTULADOS ANTES DE 2017,AGRONOMIA,COMUNA 15,
-58.47897391,-34.56573168,#N/A,177,INST. SAN PATRICIO,2,Escuela Abierta,A - 561,NAHUEL HUAPI 4140,NAHUEL HUAPI 4140,15,INICIAL,GESTION INTEGRAL DE RESIDUOS,POSTULADOS ANTES DE 2017,VILLA URQUIZA,COMUNA 12,LAZO AMBIENTAL 2015: 1
-58.41924567,-34.56498455,#N/A,54,JARDIN DE INFANCIA MITRE N° 86 D.E. 9,1,Escuela Comprometida ,JIC,AV DORREGO 3723,DORREGO AV. 3723,9,INICIAL,GESTION INTEGRAL DE LOS RESIDUOS - REUTILIZACION CREATIVA,SE POSTULO EN 2017,PALERMO,COMUNA 14,
-58.44991464,-34.61670598,#N/A,179,INST. TRASO,3,Escuela Consolidada,A-1465,PAYSANDU 564,PAYSANDU 562,7,PRIMARIA,GESTION INTEGRAL DE RESIDUOS - HUERTAS ESCOLARES - AGUA - PARTICIPACION CIUDADANA,POSTULADOS ANTES DE 2017,CABALLITO,COMUNA 06,LAZO AMBIENTAL 2015: 2
-58.43285751,-34.60858154,#N/A,115,JII N°  01  D.E. 07,4,Escuela Multiplicadora,JII 1,EDUARDO ACEVEDO 609,"ACEVEDO, EDUARDO 609",7,INICIAL,HUERTA ESCOLAR - GESTION DE RECURSO HIDRICO - GESTION INTEGRAL DE RESIDUOS,POSTULADOS ANTES DE 2017,CABALLITO,COMUNA 06,LAZO AMBIENTAL 2014: 1 - LAZO AMBIENTAL 2015: 3
-58.45043565,-34.66279654,#N/A,157,JII N° 10 DE 19,2,Escuela Abierta,JII 10,JOSE BARROS PAZOS 3610,"BARROS PAZOS, JOSE 3610",19,INICIAL,GESTION INTEGRAL DE RESIDUOS/ HUERTAS ESCOLARES,POSTULADOS ANTES DE 2017,VILLA SOLDATI,COMUNA 08,
-58.43468292,-34.58049329,#N/A,50,JARDIN DE INFANTES KARIBU - NIVEL INICIAL,2,Escuela Abierta,ET 421R,NICARAGUA 5729,NICARAGUA 5729,9,INICIAL,GESTION INTEGRAL DE RESIDUOS - HUERTA - REUTILIZACION CREATIVA (CONFECCION DE CESTOS),SE POSTULO EN 2017,PALERMO,COMUNA 14,
-58.38682024,-34.60381065,#N/A,71,JARDIN MATERNO INFANTIL - COLEGIO PUBLICO DE ABOGADOS DE LA CAPITAL FEDERAL - NIVEL INICIAL,1,Escuela Comprometida ,A 1382,URUGUAY 412,URUGUAY AV. 412,1,INICIAL,GESTION INTEGRAL DE RESIDUOS,SE POSTULO EN 2017,SAN NICOLAS,COMUNA 01,
-58.48029944,-34.62969353,#N/A,151,JII N° 1 D.E. 12,2,Escuela Abierta,JII 1,JOAQUIN V. GONZALEZ 307,"GONZALEZ, JOAQUIN V. 307",12,INICIAL,GESTION INTREGAL DE RESIDUOS,POSTULADOS ANTES DE 2017,FLORESTA,COMUNA 10,
-58.43184144,-34.65363871,#N/A,156,JIC 2 DE 19,3,Escuela Consolidada,JIC 2,CHARRUA 2850,CHARRUA 2850,19,INICIAL,GESTION INTEGRAL DE RESIDUO VIDA SALUDABLE AGUA,POSTULADOS ANTES DE 2017,NUEVA POMPEYA,COMUNA 04,
-58.45232115,-34.57012031,#N/A,149,JIC 9 DE 9,3,Escuela Consolidada,JIC 9,MOLDES 1220,MOLDES 1220,9,INICIAL,GESTION INTEGRAL DE RESIDUOS - HUERTA ESCOLAR - GESTION DE RECURSO HIDRICO - PARTICIPACION CIUDADANA - VIDA SALUDABLE,POSTULADOS ANTES DE 2017,COLEGIALES,COMUNA 13,
-58.37719142,-34.61809419,#N/A,113,J.I.C. N°  03  D.E. 03,4,Escuela Multiplicadora,JIC 3,PIEDRAS 860,PIEDRAS 860,3,INICIAL,GESTION INTEGRAL DE RESIDUOS HUERTAS ESCOLARES  EFICIENCIA ENERGETICA Y ENERGIAS RENOVABLES VIDA SALUDABLE,POSTULADOS ANTES DE 2017,SAN TELMO,COMUNA 01,LAZO AMBIENTAL 2015: 2
-58.45282144,-34.60912359,#N/A,116,J.I.C. N°  04 D.E. 07,3,Escuela Consolidada,JIC 4,ESPINOSA 1243,ESPINOSA 1243,7,INICIAL,GESTION INTEGRAL DE RESIDUOS PARTICIPACION CIUDADANA VIDA SALUDABLE HUERTA,POSTULADOS ANTES DE 2017,CABALLITO,COMUNA 06,LAZO AMBIENTAL 2015: 1
-58.49152385,-34.67267274,#N/A,30,JIC N° 12 D.E. 20,1,Escuela Comprometida ,JIC 12,ZUVIRIA 6340,ZUVIRIA 6200,20,INICIAL,GESTION INTEGRAL DE LOS RESIDUOS - CUIDADO DEL AGUA,SE POSTULO EN 2017,VILLA LUGANO,COMUNA 08,
-58.3625711,-34.62734506,#N/A,88,JIC N° 2 D.E. 04,2,Escuela Abierta,JIC N° 2,BRAUN MENENDEZ 260,"BRAUN MENENDEZ, EDUARDO, DR. 260",4,INICIAL,CUIDADO DEL AGUA - GESTION INTEGRAL DE LOS RESIDUOS,SE POSTULO EN 2017,BOCA,COMUNA 04,
-58.46367477,-34.68898452,#N/A,29,JIC N° 3 D.E. 21,1,Escuela Comprometida ,JIC 3,BERON DE ASTRADA 5920,BERON DE ASTRADA 5920,21,INICIAL,GESTION INTEGRAL DE LOS RESIDUOS,SE POSTULO EN 2017,VILLA LUGANO,COMUNA 08,
-58.45756197,-34.64593,#N/A,150,J.I.C  N° 2 D.E. 11,3,Escuela Consolidada,JIC 2,AVDA. SAN PEDRITO 1425,SAN PEDRITO 1425,11,INICIAL,GESTION INTEGRAL DE RESIDUOS - HUERTA ESCOLAR - VIDA SALUDABLE,POSTULADOS ANTES DE 2017,FLORES,COMUNA 07,
-58.47145667,-34.61885489,#N/A,152,J.I.C. N° 4  D.E. 12,3,Escuela Consolidada,JIC 4,AVDA. GAONA 3299,GAONA AV. 3299,12,INICIAL,GESTION INTEGRAL DE RESIDUOS - MOVILIDAD SUSTENTABLE - HUERTA ESCOLAR - BIODIVERSIDAD & ESPACIOS VERDES - VIDA SALUDABLE,POSTULADOS ANTES DE 2017,VILLA GRAL. MITRE,COMUNA 11,
-58.52391273,-34.60636721,#N/A,123,JII N° 03  D.E. 17,4,Escuela Multiplicadora,JII 3,AVDA. SALVADOR MARIA DEL CARRIL 4935,"CARRIL, SALVADOR MARIA DEL AV. 4935",17,INICIAL,GESTION INTEGRAL DE RESIDUOS - HUERTA ESCOLAR - ENERGETICA Y ENERGIAS RENOVABLES,POSTULADOS ANTES DE 2017,VILLA DEVOTO,COMUNA 11,LAZO AMBIENTAL 2014: 1 - LAZO AMBIENTAL 2015: 2
-58.47952812,-34.56733189,#N/A,98,E.I. N° 8 D.E.15,2,Escuela Abierta,EI 8,PEDRO IGNACIO RIVERA 4223,"RIVERA, PEDRO I., DR. 4273",15,INICIAL,GESTION INTEGRAL DE RESIDUOS,POSTULADOS ANTES DE 2017,VILLA URQUIZA,COMUNA 12,LAZO AMBIENTAL 2014: 1
-58.36752105,-34.63701714,#N/A,142,JII 4 D.E. 4,3,Escuela Consolidada,JII 4,HERNANDARIAS 850,HERNANDARIAS 850,4,INICIAL,GESTION INTEGRAL DE RESIDUOS - BIODIVERSIDAD & ESPACIOS VERDES,POSTULADOS ANTES DE 2017,BOCA,COMUNA 04,
-58.43403697,-34.56449312,#N/A,118,J.I.I. N°  05 D.E. 09,3,Escuela Consolidada,JII 5,AVDA. DEL LIBERTADOR 4777,DEL LIBERTADOR AV. 4777,9,INICIAL,GESTION INTEGRAL DE RESIDUOS - HUERTA ESCOLAR,RATIFICO EN 2017,PALERMO,COMUNA 14,LAZO AMBIENTAL 2015: 2
-58.43890654,-34.65562255,#N/A,59,JII N°13 D.E. 19,2,Escuela Abierta,JII 13,AVDA. FERNANDEZ DE LA CRUZ 2615,"FERNANDEZ DE LA CRUZ, F., GRAL. AV. 2615",19,INICIAL,CUIDADO DEL AGUA - GESTION INTEGRAL DE LOS RESIDUOS,SE POSTULO EN 2017,VILLA SOLDATI,COMUNA 08,
-58.41465422,-34.59693203,#N/A,83,JII N° 4 D.E. 2,2,Escuela Abierta,JII N°4,JOSE ANTONIO CABRERA 3430,"CABRERA, JOSE A. 3430",2,INICIAL,GESTION INTEGRAL DE LOS RESIDUOS - CUIDADO DEL AGUA,SE POSTULO EN 2017,RECOLETA,COMUNA 02,
-58.39729417,-34.62299162,#N/A,141,JIN A  N°25 DE 3,3,Escuela Consolidada,JIN A,AVDA. SAN JUAN 2277,SAN JUAN AV. 2277,3,INICIAL,GESTION INTEGRAL DE RESIDUOS - HUERTA ESCOLAR - GESTION DE RECURSO HIDRICO - CAMBIO CLIMATICO & MEDICION DE LA HUELLA DE CARBONO - VIDA SALUDABLE,POSTULADOS ANTES DE 2017,SAN CRISTOBAL,COMUNA 03,
-58.4433473,-34.56938547,#N/A,55,JIN A D.E. 9,2,Escuela Abierta,JIN A,OLLEROS 2315,OLLEROS 2315,9,INICIAL,CUIDADO DEL AGUA - GESTION INTEGRAL DE LOS RESIDUOS,SE POSTULO EN 2017,PALERMO,COMUNA 14,
-58.43020357,-34.6223186,#N/A,117,J.I.N A N° 11  D.E. 08,3,Escuela Consolidada,J.I.N A 11,AVDA. JUAN BAUTISTA ALBERDI 163,"ALBERDI, JUAN BAUTISTA AV. 163",8,INICIAL,GESTION INTEGRAL DE RESIDUOS - GESTION DE RECURSO HIDRICO - EFICIENCIA ENERGETICA Y ENERGIAS RENOVABLES - PARTICIPACION CIUDADANA,POSTULADOS ANTES DE 2017,CABALLITO,COMUNA 06,LAZO AMBIENTAL 2015: 1
-58.43884768,-34.58387366,#N/A,147,JIN B DE 9,3,Escuela Consolidada,JIN B,GORRITI 5744,GORRITI 5744,9,INICIAL,GESTION INTEGRAL DE RESIDUOS - HUERTA ESCOLAR - ALIMENTACION SALUDABLE,POSTULADOS ANTES DE 2017,PALERMO,COMUNA 14,
-58.51197958,-34.64236656,#N/A,69,JIN B D.E. 20,2,Escuela Abierta,JIN B,FONROUGE 370,FONROUGE 370,20,INICIAL,GESTION INTEGRAL DE LOS RESIDUOS,SE POSTULO EN 2017,LINIERS,COMUNA 09,
-58.4113081,-34.60032711,#N/A,140,JIN B DE 2,3,Escuela Consolidada,JIN B,SAN LUIS 3224,SAN LUIS 3224,2,INICIAL,BIODIVERSIDAD & ESPACIOS VERDES - GESTION INTEGRAL DE RESIDUOS,POSTULADOS ANTES DE 2017,BALVANERA,COMUNA 03,
-58.43226779,-34.64642297,#N/A,155,"J.I.N. ""B""  D.E. 19",3,Escuela Consolidada,JIN B,MOM 2358,MOM 2380,19,INICIAL,GESTION INTEGRAL DE RESIDUOS - HUERTA ESCOLAR - PARTICIPACION CIUDADANA - VIDA SALUDABLE,POSTULADOS ANTES DE 2017,NUEVA POMPEYA,COMUNA 04,
-58.39863657,-34.60615376,#N/A,138,"J.I.N. ""B"" N° 14  D.E. 1",3,Escuela Consolidada,JIN B,SARMIENTO 2250,LAVALLE 2366,1,INICIAL,GESTION INTEGRAL DE RESIDUOS - VIDA SALUDABLE. AGUA,POSTULADOS ANTES DE 2017,BALVANERA,COMUNA 03,
-58.40531204,-34.58372042,#N/A,139,"J.I.N. ""C""  N° 21 D.E. 1",2,Escuela Abierta,"JIN C 1, 18 Y 21",AVDA. GRAL. LAS HERAS 3086,LAS HERAS GENERAL AV. 3086,1,INICIAL,"HUERTAS ESCOLARES, BIODIVERSIDAD & ESPACIOS VERDES/ GESTION INTEGRAL DE RESIDUOS",POSTULADOS ANTES DE 2017,RECOLETA,COMUNA 02,
-58.47783343,-34.68290848,#N/A,31,JIN C D.E. 21 (ESC. PRIM. N° 14 DE 21),1,Escuela Comprometida ,JIN C 14 Y 13,CAÑADA DE GOMEZ 4548,CAÑADA DE GOMEZ 4548,21,INICIAL,EFICIENCIA ENERGETICA Y ENERGIAS RENOVABLES - CUIDADO DEL AGUA - GESTION INTEGRAL DE LOS RESIDUOS,SE POSTULO EN 2017,VILLA LUGANO,COMUNA 08,
-58.49086264,-34.61963134,#N/A,121,J.I.N. C D.E. 12,3,Escuela Consolidada,JIN C 11,BAHIA BLANCA 1551,"BELAUSTEGUI, LUIS, DR. 3751",12,INICIAL,GESTION INTEGRAL DE RESIDUOS - HUERTA ESCOLAR,POSTULADOS ANTES DE 2017,FLORESTA,COMUNA 10,LAZO AMBIENTAL 2015: 1
-58.51474503,-34.60783208,#N/A,122,JIN D D.E. 17,3,Escuela Consolidada,JIN D,AVDA. FRANCISCO BEIRO 4552,"BEIRO, FRANCISCO AV. 4552",17,INICIAL,GESTION INTEGRAL DE RESIDUOS,POSTULADOS ANTES DE 2017,VILLA DEVOTO,COMUNA 11,LAZO AMBIENTAL 2015: 1
-58.47065705,-34.55212078,#N/A,87,LA ALDEA - NIVEL INICIAL,2,Escuela Abierta,A 848,NUÑEZ 2776,NUÑEZ 2776,10,INICIAL,GESTION INTEGRAL DE RESIDUOS - HUERTAS - BIODIVERSIDAD,SE POSTULO EN 2017,NUÑEZ,COMUNA 13,
-58.425402,-34.58304156,#N/A,56,JII N° 1 D.E. 9 ALFREDO PALACIOS,1,Escuela Comprometida ,JII 1,URIARTE 2237,URIARTE 2237,9,INICIAL,CUIDADO DEL AGUA - GESTION INTEGRAL DE LOS RESIDUOS - HUERTAS ESCOLARES,SE POSTULO EN 2017,PALERMO,COMUNA 14,
-58.44009832,-34.55171192,#N/A,200,LICEO FRANCO ARGENTINO JEAN MERMOZ - NIVEL SECUNDARIO - A 670,2,Escuela Abierta,A-670,RAMSAY 2131,RAMSAY 2131,10,SECUNDARIO,GESTION INTEGRAL DE RESIDUOS - BIODIVERSIDAD & ESPACIOS VERDES - PARTICIPACION CIUDADANA - VIDA SALUDABLE,POSTULADOS ANTES DE 2017,BELGRANO,COMUNA 13,LAZO AMBIENTAL 2015: 1
-58.42654251,-34.61511536,#N/A,145,JII 2 DE 8,3,Escuela Consolidada,JII 2,HIPOLITO YRIGOYEN 4238,"YRIGOYEN, HIPOLITO AV. 4238",8,INICIAL,GESTION INTEGRAL DE RESIDUOS - HUERTA ESCOLAR - PARTICIPACION CIUDADANA - ALIMENTACION SALUDABLE,POSTULADOS ANTES DE 2017,ALMAGRO,COMUNA 05,
-58.36088853,-34.63891228,#N/A,93,EPC N° 9 D.E. 4,2,Escuela Abierta,EPC 9,AV DON PEDRO DE MENDOZA 1835,DON PEDRO DE MENDOZA AV. 1835,4,PRIMARIA,CUIDADO DEL AGUA - GESTION INTEGRAL DE LOS RESIDUOS - HUERTAS ESCOLARES,SE POSTULO EN 2017,BOCA,COMUNA 04,
-58.39743661,-34.6071132,#N/A,228,ASOC. ESCUELA CANGALLO - CANGALLO SCHULE A 174 - SECUNDARIA,2,Escuela Abierta,A - 174,TTE. GRAL. JUAN DOMINGO PERUN 2169,"PERON, JUAN DOMINGO, TTE. GENERAL 2169",1,SECUNDARIA,GESTION INTEGRAL DE RESIDUOS,POSTULADOS ANTES DE 2017,BALVANERA,COMUNA 03,
-58.40320036,-34.58008725,#N/A,212,COLEGIO SAN MARTIN DE TOURS  - A 637 - NIVEL PRIMARIO,3,Escuela Consolidada,A 637,AVDA. ORTIZ DE OCAMPO 2840,ORTIZ DE OCAMPO AV. 2840,1,PRIMARIA,GESTION INTEGRAL DE RESIDUOS - GESTION DE RECURSO HIDRICO - EFICIENCIA ENERGETICA Y ENERGIAS RENOVABLES - VIDA SALUDABLE,POSTULADOS ANTES DE 2017,PALERMO,COMUNA 14,
-58.46911247,-34.6433605,#N/A,161,EPC N° 11 DE 11,2,Escuela Abierta,EPC 11,GREGORIO DE LAFERRERE 3624,"LAFERRERE, GREGORIO DE 3624",11,PRIMARIA,GESTION INTEGRAL DE RESIDUOS - HUERTA ESCOLAR,RATIFICO EN 2017,PARQUE AVELLANEDA,COMUNA 09,
-58.47830518,-34.54385121,#N/A,192,INSTITUTO DIVINA PROVIDENCIA - NIVEL PRIMARIO - A 301,2,Escuela Abierta,A - 301,ARIAS 2915,ARIAS 2915,10,PRIMARIA,GESTION INTEGRAL DE RESIDUOS,POSTULADOS ANTES DE 2017,SAAVEDRA,COMUNA 12,LAZO AMBIENTAL 2015: 1
-58.49607651,-34.59950112,#N/A,236,INSTITUTO EVANGELICO AMERICANO - A 36 - SECUNDARIA,2,Escuela Abierta,A 36,SIMBRON 3160,SIMBRON 3160,17,SECUNDARIA,GESTION INTEGRAL DE RESIDUOS,POSTULADOS ANTES DE 2017,VILLA DEL PARQUE,COMUNA 11,
-58.41547377,-34.6368319,#N/A,20,INSTITUTO SAN BARTOLOME -  NIVEL INICIAL,1,Escuela Comprometida ,A 421,AV CHICLANA 3659,CHICLANA AV. 3659,6,INICIAL,GESTION INTEGRAL DE RESIDUOS,SE POSTULO EN 2017,BOEDO,COMUNA 05,
-58.43075306,-34.57658956,#N/A,119,JII N°  06 D.E. 09,3,Escuela Consolidada,JII 6,AVDA. SANTA FE 5039,SANTA FE AV. 5039,9,INICIAL,HUERTA ESCOLAR - BIODIVERSIDAD & ESPACIOS VERDES - VIDA SALUDABLE - GESTION INTEGRAL DE RESIDUOS,RATIFICO EN 2017,PALERMO,COMUNA 14,LAZO AMBIENTAL 2014: 1 - LAZO AMBIENTAL 2015: 2
-58.47318529,-34.60720417,#N/A,120,"JIN ""B"" D.E. 12",4,Escuela Multiplicadora,JIN B,CARACAS 2057,"DIAZ, CESAR, GRAL. 3050",12,INICIAL,GESTION INTEGRAL DE RESIDUOS - MOVILIDAD SUSTENTABLE-HUERTA ESCOLAR - BIODIVERSIDAD & ESPACIOS VERDES - EFICIENCIA ENERGETICA Y ENERGIAS RENOVABLES,POSTULADOS ANTES DE 2017,VILLA SANTA RITA,COMUNA 11,LAZO AMBIENTAL 2014: 2 - LAZO AMBIENTAL 2015: 3
-58.36139256,-34.63854713,#N/A,90,JII N° 01 D.E. 04,2,Escuela Abierta,JII 1,GRAL. GREGORIO ARAOZ DE LAMADRID 648,"ARAOZ DE LAMADRID, GREGORIO, GRAL. 648",4,INICIAL,"INDAGACION DEL AMBIENTE SOCIAL Y NATURAL. LA EXPRESION Y LA COMUNICACION. LA EDUCACION SOCIAL, AFECTIVA Y MORAL DE LOS NIÑOS.",SE POSTULO EN 2017,BOCA,COMUNA 04,
-58.50511092,-34.65312339,#N/A,173,LICEO N°  08  DE 13,1,Escuela Comprometida ,LIC 08,MURGUIONDO 1568,MURGUIONDO 1568,13,SECUNDARIA,GESTION INTEGRAL DE RESIDUOS,RATIFICO EN 2017,MATADEROS,COMUNA 09,
-58.37457074,-34.61674711,#N/A,196,LUIS A. HUERGO - NIVEL SECUNDARIO - A 117,4,Escuela Multiplicadora,A - 117,PERU 759,PERU 759,3,SECUNDARIA,GESTION INTEGRAL DE RESIDUOS - BIODIVERSIDAD & ESPACIOS VERDES - GESTION DE RECURSO HIDRICO - EFICIENCIA ENERGETICA Y ENERGIAS RENOVABLES - CAMBIO CLIMATICO & MEDICION DE LA HUELLA DE CARBONO - PARTICIPACION CIUDADANA,POSTULADOS ANTES DE 2017,SAN TELMO,COMUNA 01,LAZO AMBIENTAL 2015: 2
-58.45883982,-34.5663835,#N/A,72,NUEVA ESCUELA ARGENTINA 2000 - NIVEL INICIAL,2,Escuela Abierta,A 635,SUCRE 2824,"SUCRE, ANTONIO JOSE DE, MCAL. 2824",10,INICIAL,GESTION INTEGRAL DE RESIDUOS - HUERTA - BIODIVERSIDAD,SE POSTULO EN 2017,BELGRANO,COMUNA 13,
-58.4146982,-34.60907629,#N/A,238,INSTITUTO TIERRA SANTA - A 407 - NIVEL PRIMARIO,3,Escuela Consolidada,A 407,SANCHEZ DE BUSTAMANTE 124,SANCHEZ DE BUSTAMANTE 124,2,PRIMARIO,GESTION INTEGRAL DE RESIDUOS GESTION INTEGRAL DE RECURSO HIDRICO EFICIENCIA ENERGETICA Y ENERGIAS,POSTULADOS ANTES DE 2017,ALMAGRO,COMUNA 05,
-58.40310095,-34.58019653,#N/A,237,COLEGIO SAN MARTIN DE TOURS (MUJERES) - A 637 - NIVEL INICIAL,3,Escuela Consolidada,A 637,ORTIZ DE OCAMPO 2840,ORTIZ DE OCAMPO AV. 2840,1,INICIAL,GESTION INTEGRAL DE RESIDUOS,,PALERMO,COMUNA 14,
-58.42825491,-34.61516702,#N/A,240,INSTITUTO SAGRADO CORAZON (CABALLITO) - A - 111 - NIVEL PRIMARIO,1,Escuela Comprometida ,A - 111,HIPOLITO YRIGOYEN 4350,"YRIGOYEN, HIPOLITO AV. 4350",8,PRIMARIO,"GESTION INTEGRAL DE RESIDUOS, MOVILIDAD SUSTENTABLE, HUERTAS ESCOLARES, BIODIVERSIDAD & ESPACIOS VERDES, GESTION DE RECURSO HIDRICO, PARTICIPACION CIUDADANA, VIDA SALUDABLE",,ALMAGRO,COMUNA 05,
-58.44257945,-34.62794667,#N/A,242,INSTITUTO SAINT EXUPERY - A 939 - NIVEL PRIMARIO,3,Escuela Consolidada,A - 939,JOSE BONIFACIO 1075,"BONIFACIO, JOSE 1075",8,PRIMARIO,"GESTION INTEGRAL DE RESIDUOS, HUERTAS ESCOLARES, BIODIVERSIDAD & ESPACIOS VERDES, CAMBIO CLIMATICO & MEDICION DE LA HUELLA DE CARBONO, PARTICIPACION CIUDADANA, VIDA SALUDABLE",,CABALLITO,COMUNA 06,
-58.46454544,-34.63174991,#N/A,246,INSTITUTO ANA MARIA JANER A-1 INICIAL,2,Escuela Abierta,A-1,VARELA 182,VARELA 182,11,INICIAL,GESTION INTEGRAL DE RESIDUOS,,FLORES,COMUNA 07,
-58.46430379,-34.63199238,#N/A,247,INSTITUTO ANA MARIA JANER - PRIMARIA,2,Escuela Abierta,,AV. J. B. ALBERDI 2595,"ALBERDI, JUAN BAUTISTA AV. 2595",11,PRIMARIA,GESTION INTEGRAL DE RESIDUOS,,FLORES,COMUNA 07,
-58.4054208,-34.59525447,#N/A,250,CCI - SCUOLA EDMONDO DE AMICIS - INCIAL,1,Escuela Comprometida ,,DR. NORBERTO QUIRNO COSTA 1260,"QUIRNO COSTA, NORBERTO, DR. 1260",2,INICIAL,GESTION INTEGRAL DE RESIDUOS,,RECOLETA,COMUNA 02,
-58.41546434,-34.63694803,#N/A,251,INSTITUTO SAN BARTOLOME - A-421,1,Escuela Comprometida ,- A421  -,AV CHICLANA 3659,CHICLANA AV. 3659,6,INICIAL,GESTION INTEGRAL DE RESIDUOS,,BOEDO,COMUNA 05,
-58.42907476,-34.61000655,#N/A,252,ESCUELA ORT - YATAY - A 531,3,Escuela Consolidada,- A 531 -,YATAY 240,YATAY 240,7,SECUNDARIO,"GESTION INTEGRAL DE RESIDUOS, GESTION DE RECURSO HIDRICO, BIODIVERSIDAD & ESPACIOS VERDES, AGUA, VIDA SALUDABLE",,ALMAGRO,COMUNA 05,
-58.44076067,-34.55116027,#N/A,258,ESCUELA ITALIANA CRISTOFORO COLOMBO - A 397 - NIVEL PRIMARIA,2,Escuela Abierta,- A 397 -,RAMSAY 2250,RAMSAY 2250,10,PRIMARIA,"GESTION INTEGRAL DE RESIDUOS, EFICIENCIA ENERGETICA Y ENERGIAS RENOVABLES, PARTICIPACION CIUDADANA,VIDA SALUDABLE",,BELGRANO,COMUNA 13,
-58.48200141,-34.62972384,#N/A,259,INSTITUTO ADELIA MARIA HARILAOS DE OLMOS - SECUNDARIA,1,Escuela Comprometida ,,BAHIA BLANCA 363,BAHIA BLANCA 363,12,SECUNDARIA,GESTION INTEGRAL DE RESIDUOS,,FLORESTA,COMUNA 10,
-58.47619134,-34.58986319,#N/A,260,INSTITUTO EDUCACIONAL SANTA TERESITA A 622 DE 14,2,Escuela Abierta,- A 622 -,QUIROS 2941,QUIROS 2941,14,PRIMARIA,"GESTION INTEGRAL DE RESIDUOS, AGUA, PARTICIPACION CIUDADANA",,PARQUE CHAS,COMUNA 15,
-58.52521063,-34.62171911,#N/A,262,ESCUELA CRISTIANA EVANGELICA ARGENTINA - A 474 - INICIAL,3,Escuela Consolidada,- A 474 -,IRIGOYEN 2150,IRIGOYEN 2150,17,INICIAL,"GESTION INTEGRAL DE RESIDUOS, CONSUMO RESPONSABLE, REUTILIZACION CREATIVA",,VILLA REAL,COMUNA 10,
-58.43607539,-34.6018442,#N/A,253,INSTITUTO EDUCATIVO ALAS - INICIAL,1,Escuela Comprometida ,,LAVALLEJA 250,LAVALLEJA 250,2,INICIAL,GESTION INTEGRAL DE RESIDUOS,SE POSTULO EN 2017,VILLA CRESPO,COMUNA 15,
-58.41481813,-34.60908174,#N/A,239,INSTITUTO TIERRA SANTA - A 407 - NIVEL INICIAL,3,Escuela Consolidada,A 407,SANCHEZ DE BUSTAMANTE 124,SANCHEZ DE BUSTAMANTE 124,2,INICIAL,GESTION INTEGRAL DE RESIDUOS GESTION INTEGRAL DE RECURSO HIDRICO EFICIENCIA ENERGETICA Y ENERGIAS RENOVABLES PARTICIPACION CIUDADANA,,ALMAGRO,COMUNA 05,
-58.40552309,-34.61183589,#N/A,132,LICEO N°  10 D.E. 06,4,Escuela Multiplicadora,LIC 10,AVDA. JUJUY 150,JUJUY AV. 150,6,SECUNDARIA,GESTION INTEGRAL DE RESIDUOS - MOVILIDAD SUSTENTABLE - HUERTA ESCOLAR - BIODIVERSIDAD & ESPACIOS VERDES - GESTION DE RECURSO HIDRICO - CAMBIO CLIMATICO & MEDICION DE LA HUELLA DE CARBONO - PARTICIPACION CIUDADANA - VIDA SALUDABLE - RESPONSABILIDAD,POSTULADOS ANTES DE 2017,BALVANERA,COMUNA 03,LAZO AMBIENTAL 2015: 2